Title,Author,Summary
Don Quixote,Miguel de Cervantes,"Book Report Don Quixote by Miguel de Cervantes

Book Summary

Don Quixote is a Spanish novel written by Miguel de Cervantes. Published in two volumes, the first in 1605 and the second in 1615, it is regarded as one of the"
Crime and Punishment,Fyodor Dostoyevsky,"Include a picture of the book cover and a picture of the author.

If you have a blog post about the book, include a link to it.

If you have a YouTube video about the book, include a link to it.

If you have a podcast"
War and Peace,Leo Tolstoy,"Note: This is a very short project. Please do not bid if you are not willing to complete this project in less than 3 days.

This is a very short project. Please do not bid if you are not willing to complete this project in less than 3 days. Please do"
Pride and Prejudice,Jane Austen,"If so, provide the link to the book listing for Pride and Prejudice by Jane Austen.

The book is available on Amazon.com. The link is:

http://www.amazon.com/Pride-Prejudice-Jane-Austen/dp/"
To Kill a Mockingbird,Harper Lee,"Write a book review with the following written sections: Book Review: A book review of To Kill a Mockingbird by Harper Lee in 2000 words or less including summaries of key characters, locations, plot lines and a final conclusion on the book. Book Review Score: Rate the book on"
1984,George Orwell,"Get a 30 % discount on your first order

Get a 30 % discount on your first order

Get a 30 % discount on your first order

Get a 30 % discount on your first order

Get a 30 % discount on your first order

Get a 30"
The Catcher in the Rye,J.D. Salinger,This is a very simple and straight forward project that is easy to complete. I will be able to provide the book in digital format and will be able to provide the Amazon store link. The project must be completed within 3-5 days after awarding the project. I will need a word document
One Hundred Years of Solitude,Gabriel Garcia Marquez,"I have attached the book cover image along with the book summary.

And I am attaching the book review.

Please let me know if you have any questions.

Thanks,

Amy"
The Great Gatsby,F. Scott Fitzgerald,I need this written in the next 12 hours.
The Brothers Karamazov,Fyodor Dostoyevsky,"The link will be used to help readers find the book.

Write a book review with the following written sections: Book Review: Write a critical review of The Brothers Karamazov by Fyodor Dostoyevsky. This review should be a minimum of 400 words and a maximum of"
Anna Karenina,Leo Tolstoy,"Write a book review for the following book:

The Da Vinci Code by Dan Brown.

The review should be at least 750 words and contain the following sections:

Book Summary: Summary of the most important events in the book. Pivotal Moment: List what"
Ulysses,James Joyce,"Write a book review of Ulysses by James Joyce in 2000 words or less.

Write a book review of Ulysses by James Joyce in 2000 words or less.

Write a book review of Ulysses by James Joyce in 2000 words or less.

Write"
Moby-Dick,Herman Melville,"The book I chose to write about is Moby-Dick by Herman Melville. I chose this book because it is one of my favorite books and I have read it several times. It is a classic book that is required reading in many high school and college classes.

Book Summary"
The Sound and the Fury,William Faulkner,"The Sound and the Fury by William Faulkner

The Sound and the Fury is a novel by William Faulkner, published in 1929. It is often cited as one of the most important works of American literature of the 20th century and a leading example of the modernist movement"
Jane Eyre,Charlotte Bronte,"Write a book review on the following book:

The book review should be between 500-1000 words.

You should include the following:

Book Summary: A summary of the book.

A summary of the book. Pivotal Moment: List what is the"
Wuthering Heights,Emily Bronte,"Include the author, title and ISBN.

Write a book review with the following written sections: Book Review: A review of Wuthering Heights by Emily Bronte in 2000 words or less including a summary of the book, a summary of the main characters, a summary of the plot lines,"
The Grapes of Wrath,John Steinbeck,"Please note that your submission must be a minimum of 2000 words. Please use the following format for the written assignment:

Book Summary:

A summary of The Grapes of Wrath by John Steinbeck in 2000 words or less including summaries of key characters, locations, plot"
The Picture of Dorian Gray,Oscar Wilde,"This will be used to help readers purchase the book if they so choose.

A book summary is a summary of a book. It is a summary of the plot, characters, and themes of the book. It is not a summary of the entire book, but a summary of the most important"
Frankenstein,Mary Shelley,"This is a very easy book report to write and only takes a few minutes to complete.

Book report writing is a normal part of the educational process, but it can be a boring and difficult task for many students.

If you are looking for a book report writing service that"
Madame Bovary,Gustave Flaubert,"Write a book review of Madame Bovary by Gustave Flaubert.

Write a book review of Madame Bovary by Gustave Flaubert.

Write a book review of Madame Bovary by Gustave Flaubert.

Write a book review"
Heart of Darkness,Joseph Conrad,"Write a book overview with the following written sections: Book Summary: A summary of Heart of Darkness by Joseph Conrad in 2000 words or less including summaries of key characters, locations, plot lines and a final conclusion on the book. Pivotal Moment: List what is the most pivotal chapter"
The Adventures of Huckleberry Finn,Mark Twain,"You will receive a grade for this assignment.

This is a book review of the book The Adventures of Huckleberry Finn by Mark Twain.

The book is a classic American novel written in 1885 and the story takes place in the fictional town of St. Petersburg, Missouri"
The Scarlet Letter,Nathaniel Hawthorne,Write a book review of The Scarlet Letter by Nathaniel Hawthorne in 750 words or less. Include the following: Book Summary: A summary of The Scarlet Letter by Nathaniel Hawthorne in 750 words or less. Pivotal Moment: List what is the most pivotal chapter of the book and why
Lolita,Vladimir Nabokov,"Write an article on a topic of your choice under the following sections:

Article Title: What is the title of the article?

Article Summary: A summary of the article

Article Key Quote: Quote a line from the article that would be the most poignant quote."
The Sun Also Rises,Ernest Hemingway,"This can be found by typing in the title of the book into the search box.

Use the following information to write your analysis.

Book Summary

The book takes place in France and Spain during the 1920s and 1930s. The main characters are Jake Barnes, Lady Brett Ashley"
Middlemarch,George Eliot,"Write a book review with the following written sections: Book Review: A review of A Walk in the Woods by Bill Bryson in 2000 words or less including summaries of key characters, locations, plot lines and a final conclusion on the book. Pivotal Moment: List what is the"
A Tale of Two Cities,Charles Dickens,"The book summary should be about 2000 words or less. The book summary should include the following:

Book Summary: A summary of A Tale of Two Cities by Charles Dickens in 2000 words or less including summaries of key characters, locations, plot lines and a final conclusion on the book"
Great Expectations,Charles Dickens,"What is the best way to present my book summary?

A book summary should be structured in a way that is easy to read and understand. The best way to present your book summary is to break it down into sections:

Book Summary: This is the main section of your"
Dracula,Bram Stoker,"Write a book review of Dracula by Bram Stoker in 2000 words or less. The book review should include the following: Book Review: A review of Dracula by Bram Stoker in 2000 words or less including your overall opinion on the book, the book’s strengths and weaknesses and how"
The Count of Monte Cristo,Alexandre Dumas,The Count of Monte Cristo by Alexandre Dumas is a classic book that is a must read for any serious reader. The book is written in an old style of writing and can be difficult to read at times. The story is about a man who is wrongly imprisoned and escapes and then
Les Miserables,Victor Hugo,"The book review should be a minimum of 2000 words.

The book review should be a minimum of 2000 words.

The book review should be a minimum of 2000 words.

The book review should be a minimum of 2000 words.

The book review should be a"
Dubliners,James Joyce,"Write a book overview with the following written sections: Book Summary: A summary of Dubliners by James Joyce in 2000 words or less including summaries of key characters, locations, plot lines and a final conclusion on the book. Pivotal Moment: List what is the most pivotal chapter of"
Animal Farm,George Orwell,"Write a book overview with the following written sections: Book Summary: A summary of Animal Farm by George Orwell in 2000 words or less including summaries of key characters, locations, plot lines and a final conclusion on the book. Pivotal Moment: List what is the most pivotal chapter of"
Lord of the Flies,William Golding,"Include the following in the first page of your book report: Title of Book: Lord of the Flies Author: William Golding Genre: Novel My Rating: (1-5 stars)

Include the following in the body of your book report: Summary: A summary"
Catch-22,Joseph Heller,"Write a book overview with the following written sections: Book Summary: A summary of Catch-22 by Joseph Heller in 2000 words or less including summaries of key characters, locations, plot lines and a final conclusion on the book. Pivotal Moment: List what is the most pivotal chapter"
The Stranger,Albert Camus,"Include a minimum of four (4) outside sources and a minimum of three (3) citations per outside source.

Include a Works Cited page.

No plagiarism.

All sources must be properly cited in APA format.

The paper must"
A Clockwork Orange,Anthony Burgess,"Write a book review with the following written sections: Book Summary: A summary of A Clockwork Orange by Anthony Burgess in 2000 words or less including summaries of key characters, locations, plot lines and a final conclusion on the book. Pivotal Moment: List what is the most pivotal chapter"
Brave New World,Aldous Huxley,"Payment & Delivery

Payment is made by Paypal. I will need to see the completed assignment before I will release payment. I will release payment within 24 hours of receiving the completed assignment.

I will need to see the following:

Your Paypal ID"
The Trial,Franz Kafka,"Project Requirements

The book summary should be at least 2000 words.

The book review should be at least 2000 words.

The book review should be written in the third person.

The book review should be written in the present tense.

The book review should"
Beloved,Toni Morrison,"To write a book summary, you need to know what the main idea of the book is. You should also know the main characters, the setting and the plot. A book summary is not a re-telling of the story, but rather a concise telling of the main ideas and events."
The Handmaid's Tale,Margaret Atwood,"If you are interested in this project, please bid."
Gone with the Wind,Margaret Mitchell,This is a great book for a book report and I hope that you enjoy it.
Slaughterhouse-Five,Kurt Vonnegut,"Write a book review with the following written sections: Book Review: A review of Slaughterhouse-Five by Kurt Vonnegut in 2000 words or less including summaries of key characters, locations, plot lines and a final conclusion on the book. Pivotal Moment: List what is the"
The Lord of the Rings,J.R.R. Tolkien,"Write a book review of The Lord of the Rings by J.R.R. Tolkien. Include the following points: Book Summary: A summary of The Lord of the Rings by J.R.R. Tolkien in 2000 words or less including summaries of key characters, locations, plot"
Harry Potter and the Philosopher's Stone,J.K. Rowling,"Write an article review with the following written sections: Book Review: A review of Harry Potter and the Philosopher's Stone by J.K. Rowling in 2000 words or less including summaries of key characters, locations, plot lines and a final conclusion on the book. Pivotal"
The Color Purple,Alice Walker,"The Color Purple by Alice Walker

The Color Purple is a novel by Alice Walker published in 1982. The Color Purple was awarded the 1983 Pulitzer Prize for Fiction. The novel is loosely based on the author's childhood experiences growing up in rural Georgia. It is written in epistolary form"
One Flew Over the Cuckoo's Nest,Ken Kesey,"Write a book overview with the following written sections: Book Summary: A summary of A Clockwork Orange by Anthony Burgess in 2000 words or less including summaries of key characters, locations, plot lines and a final conclusion on the book. Pivotal Moment: List what is the most pivotal chapter"
The Hitchhiker's Guide to the Galaxy,Douglas Adams,Write a book review of The Hitchhiker's Guide to the Galaxy by Douglas Adams in 2000 words or less. Your review should include the following written sections: Book Review: A review of The Hitchhiker's Guide to the Galaxy by Douglas Adams in 2000 words or less. Book Review
A Passage to India,E.M. Forster,The link should be a link that you can use to purchase the book.
The Joy Luck Club,Amy Tan,"Include a cover page (title, name, date, etc.)"
The Bell Jar,Sylvia Plath,"Write a review of The Bell Jar by Sylvia Plath in 2000 words or less. Include the following:

Book Summary: A summary of The Bell Jar by Sylvia Plath in 2000 words or less including summaries of key characters, locations, plot lines and a final conclusion on the"
The Age of Innocence,Edith Wharton,"Write a book overview with the following written sections: Book Summary: A summary of The Age of Innocence by Edith Wharton in 2000 words or less including summaries of key characters, locations, plot lines and a final conclusion on the book. Pivotal Moment: List what"
The Old Man and the Sea,Ernest Hemingway,"In order to write a book report, you need to first read the book. If you have not read the book, it is better to entrust the job to professionals. Writing a book report without reading the book is a serious mistake. If you have not read the book, you do"
A Farewell to Arms,Ernest Hemingway,"The book review should be in the following format:

Book Summary:

A Farewell to Arms is a story of a young American ambulance driver, Frederic Henry, who is serving in the Italian army during the First World War. The story begins in Milan, where Henry is"
Of Mice and Men,John Steinbeck,"There are some good books on the list, and I’m sure that you will find some good books to read and write a book report on.

If you have any other book suggestions, please leave a comment.

I hope this list helps you find a book report"
The Canterbury Tales,Geoffrey Chaucer,"I will need this to post the review.

The reviewer will be reviewing the book and posting the review on Amazon.com.

I will need a book review for The Canterbury Tales by Geoffrey Chaucer. I am looking for a book review of the book that is in the range of"
The Divine Comedy,Dante Alighieri,"I will give you the book summary and you need to write a book review of it. Write a book review of The Divine Comedy by Dante Alighieri in 2000 words or less including summaries of key characters, locations, plot lines and a final conclusion on the book. I will be"
The Iliad,Homer,"Can you also get a link to the book listing on the Amazon store.

The Iliad is a classic Greek poem written by Homer. It is the story of the Trojan War, which was fought between the Greeks and the Trojans. The Iliad is a book"
The Odyssey,Homer,"Write a book overview with the following written sections: Book Summary: A summary of The Odyssey by Homer in 2000 words or less including summaries of key characters, locations, plot lines and a final conclusion on the book. Pivotal Moment: List what is the most pivotal chapter of the"
Beowulf,Anonymous,Write a book review with the following written sections: Introduction: Introduce the book and author. Book Review: Explain why you liked or disliked the book. Use examples from the text to support your opinions. Your Rating: Rate the book on a scale of one to five stars. Amazon Store
The Aeneid,Virgil,"Key Character: Who is the most important character in the book? Explain why. Key Location: Which is the most important location in the book? Explain why.

Write a book review of The Aeneid by Virgil.

Write a book review of The Aeneid by Vir"
Don Juan,Lord Byron,"Write a book review of Don Juan by Lord Byron in 2000 words or less. Include the following sections: Book Review: A review of Don Juan by Lord Byron in 2000 words or less including summaries of key characters, locations, plot lines and a final conclusion on the book. Piv"
Sense and Sensibility,Jane Austen,"Write a book review for the following book: The Girl on the Train by Paula Hawkins

Write a book review for the following book: The Girl on the Train by Paula Hawkins

Write a book review for the following book: The Girl on the Train by Paula Hawkins

Write"
The Red and the Black,Stendhal,3. Write a book review of The Red and the Black by Stendhal with the following written sections: Book Review: A review of The Red and the Black by Stendhal in 2000 words or less. Review the book by discussing the following: Book Summary: A summary of
The Stranger,Albert Camus,"You can use the URL of the Amazon store and then just copy and paste it into the box.

The book is about a man named Meursault who is a French citizen living in Algeria. He is a man who is indifferent to the world around him. He is a man who is"
